编号,性质,标题,受理单位,作者,时间,状态,评论/点击
[85710],[诉求],龙圩区世纪商厦玻璃棚违建问题,市长信箱,lh011020,2020-02-18,已受理,0/239
[85525],[建议],是否可以规划场所给农民摆摊、卖蔬菜,市长信箱,热心公益群众,2020-02-12,未回复,0/408
[85414],[诉求],监督与统筹,市长信箱,lhrlgc,2020-02-09,已回复,0/160
[85394],[诉求],公共服务,市长信箱,lhrlgc,2020-02-08,已回复,0/134
[85259],[诉求],反映海骏达卡地亚房屋设计缺陷问题,市长信箱,13878488018,2020-02-04,已受理,0/663
[85049],[建议],关于更积极管控武汉来梧人员,市长信箱,heimukai007,2020-01-25,未回复,0/469
[84882],[建议],梧州市应兴建一座体育馆,市长信箱,yy8888,2020-01-19,已受理,0/230
[84875],[建议],梧州中恒体育馆,市长信箱,歌文一世,2020-01-19,已受理,0/304
[84647],[举报],一直都是违停及罚单高产区域，划线收费就合法停车？,市长信箱,民生问政,2020-01-13,已受理,0/560
[84591],[诉求],关于新兴二路路段改造噪音施工及车辆碾压护槽钢板噪音,市长信箱,LU2020111,2020-01-11,已回复,0/684
[84538],[举报],恒祥花苑物业不作为，严重违建谁来管,市长信箱,风雨飘渺,2020-01-10,已受理,2/1892
[84403],[举报],泰基巴黎春天小区泰安物业涉嫌违规收费，已长达半年,市长信箱,知情者爆料,2020-01-07,已回复,0/1501
[84292],[诉求],凤翔小学南侧安全隐患及卫生死角何时清？,市长信箱,扯火,2020-01-04,已受理,1/1110
[84097],[诉求],岑溪市学府一号,被幼儿园非法占用,市长信箱,xitini,2020-01-01,已受理
[84093],[诉求],民生无小事：在市政施工区域内跌倒医药费找谁负责？,市长信箱,民生问政,2020-01-01,已受理,1/637
[84089],[诉求],股东变更,市长信箱,lhrlgc,2020-01-01,已受理,0/1150
[84061],[诉求],常年焚烧有毒垃圾，周边村民苦不堪言,市长信箱,连郎老兵,2019-12-31,已回复,1/1346
[83930],[举报],莲花桥上游违规，污染问题持续举报未解决！,市长信箱,木子606,2019-12-29,已回复,1/1112
[83925],[建议],市政府人行红绿灯改造问题。,市长信箱,yy8888,2019-12-29,已受理,0/760
[83880],[举报],岑溪市富民路与兴宁路交汇处占道摆摊，污染环境严重,市长信箱,田螺仔,2019-12-27,已受理,0/1024
[83804],[诉求],集体出钱修的路，如今被城投收停车费，有理？没理？,市长信箱,民生问政,2019-12-26,已回复,1/1863
[83679],[诉求],重新做强,市长信箱,lhrlgc,2019-12-22,已回复,0/2147
[83659],[举报],梧州公交公司钱鉴站点强占公共用地,市长信箱,一条小鱼儿,2019-12-21,已受理,0/1075
[83622],[诉求],麻将扰民,市长信箱,takilay,2019-12-20,已受理,0/806
[83590],[诉求],委改局,市长信箱,lhrlgc,2019-12-19,已回复,0/856
[83359],[诉求],龙圩区东岸丽苑一条街市政洒水车,市长信箱,qnm2019,2019-12-15,已回复,0/1310
[83344],[诉求],1公里的道路竟然要修半年之久？,市长信箱,Lamcay,2019-12-14,已回复,0/1639
[83298],[诉求],关于文澜路小学门前道路的问题,市长信箱,高馨允,2019-12-13,已回复,1/521
[83201],[诉求],粤剧发展,市长信箱,lhrlgc,2019-12-11,已回复,0/553
[83069],[举报],非法把公共水渠铺成路自己用,市长信箱,8520,2019-12-07,已回复,0/846
[83063],[诉求],藤县逍遥的老赖,市长信箱,岁月如歌2,2019-12-07,已回复,1/990
[82992],[诉求],扩大就业,市长信箱,lhrlgc,2019-12-05,已回复,0/825
[82987],[诉求],关于前去报诈骗案至今未受理的诉求,市长信箱,Qaz2019,2019-12-04,已受理,0/1048
[82920],[建议],新兴一路振兴小学前道路施工,市长信箱,13607744777,2019-12-02,已回复,1/1107
[82912],[举报],要求拆除占用小区内公共用地收费固定停车位锁的举报,市长信箱,刘三123,2019-12-02,已回复,0/966
[82891],[诉求],解决残疾人员工作得不到工薪问题,市长信箱,自得其乐,2019-12-01,已受理,0/819
[82827],[举报],苍海新区山水汇景一期楼盘未通过住建委验收,市长信箱,突击队,2019-11-29,已回复,0/1125
[82806],[举报],过程管理,市长信箱,lhrlgc,2019-11-28,已回复,0/804
[82788],[诉求],天价停车费群众苦不堪言,市长信箱,道路,2019-11-28,已回复,2/1272
[82783],[举报],国道321线路面改造没有做好交通安全引导措施！,市长信箱,xeon1257314,2019-11-28,已受理,3/562
[82782],[诉求],这里乱摆卖归谁管？,市长信箱,有话好好说,2019-11-28,已回复,0/769
[82727],[诉求],拔罐,市长信箱,lhrlgc,2019-11-26,已受理,0/764
[82635],[诉求],岑溪保健品市场乱象、消费者依法维权,市长信箱,对就是我,2019-11-22,已回复,0/1163
[82631],[诉求],岑溪保健品市场乱象、消费者依法维权,市长信箱,廖坤明,2019-11-22,已受理,0/1370
[82479],[举报],举报这些道路交通违法行为和现象,市长信箱,joetincoo,2019-11-19,已受理,0/323
[82239],[诉求],藤县碧水湾消防通道被占三个多月无处理,市长信箱,藤县小百姓,2019-11-14,已回复,0/462
[82185],[诉求],凤翔小学产生巨大噪声，严重影响周围民众,市长信箱,youngcatchen,2019-11-12,已受理,0/599
[82184],[诉求],上三云龙园花园一期市民生活问题,市长信箱,liangyuely,2019-11-12,已回复,0/516
[82183],[举报],上三云龙园一期车库变卖高价收费，业主们苦不堪言,市长信箱,mandy,2019-11-12,已回复,1/846
[82099],[诉求],认证,市长信箱,lhrlgc,2019-11-10,已回复,0/410
[82094],[建议],调整,市长信箱,lhrlgc,2019-11-10,已回复,0/653
[81931],[建议],希望梧州亮化工程能再更上一层楼,市长信箱,wz321,2019-11-06,已回复,0/547
[81887],[诉求],关于建议梧州市文澜路封闭施工延迟施工的问题,市长信箱,彩虹如初见,2019-11-05,已受理,1/1020
[81801],[诉求],夜宵摊喧嚣声何时休？一一请藤县有关部门给予处理答复。,市长信箱,269763375,2019-11-03,已回复,0/433
[81615],[诉求],龙圩划停车线不顾实际情况，乱！,市长信箱,市民代言人,2019-10-30,已受理,3/1672
[81548],[诉求],晚上酒吧噪音严重影响周边居民,市长信箱,梁勇勇,2019-10-28,已回复,0/900
[81452],[建议],梧州市区主干道应该扩建为双向八车道,市长信箱,abc113,2019-10-25,已回复,0/628
[81447],[建议],希望梧州亮化工程能再更上一层楼,市长信箱,wz321,2019-10-25,已回复,0/710
[81445],[建议],梧州市区是否能规划几栋摩天大楼,市长信箱,qwe3366,2019-10-25,已受理,0/2150
[81409],[咨询],14225诉求六年不解决。79306诉求不见答复,市长信箱,藤县百货公司,2019-10-24,已受理,0/1436
[81376],[诉求],致梧州市市长李杰云,市长信箱,58150227,2019-10-23,已回复,0/2163
[81170],[诉求],廉租房要填公租房表格,市长信箱,欧洁,2019-10-18,已受理,0/1103
[81136],[诉求],告知承诺制,市长信箱,lhrlgc,2019-10-17,已回复,0/575
[81011],[诉求],白护村克扣矿山租金,市长信箱,岑小小,2019-10-15,已受理,1/879
[80942],[诉求],新兴二路50-1号悦胜酒楼请给予良好的日常生活环境,市长信箱,年年好运,2019-10-14,已回复,1/598
[80929],[举报],不论白天，黑夜，乱停乱放,市长信箱,hzttp567890,2019-10-13,已受理,0/535
[80721],[咨询],医保账户共济操作起来怎么这么难？,市长信箱,路遥知马力,2019-10-09,已受理,0/725
[80706],[举报],龙圩恒大绿洲楼盘采取不良手段欺骗业主购买车位,市长信箱,阿强,2019-10-09,已回复,2/3047
[80681],[诉求],关于编号：77671答复问题非常不满意,市长信箱,hp123,2019-10-09,已回复,0/1010
[80628],[举报],半山一品部分业主在白云山种菜,市长信箱,yh1957,2019-10-08,已回复,0/842
[80563],[咨询],苍海公园外河道钓鱼,市长信箱,柳杨,2019-10-06,已回复,0/833
[80546],[咨询],请问梧州市红岭一号三期什么时候可以办理不动产证明啊？,市长信箱,人鱼公主,2019-10-05,已受理,0/580
[80435],[举报],河东棚户区改造安置工作一拖再拖,市长信箱,lovemonkey,2019-10-02,已回复,3/851
[80357],[其它],乱停乱放，防碍小区长者出入,市长信箱,hzttp567890,2019-10-01,已回复,0/1123
[79963],[举报],福兴时代广场露天烧烤摊半夜严重扰民,市长信箱,半夜严重扰民,2019-09-29,已回复,0/881
[79749],[建议],龙平小学对出的道路，存在严重的安全隐患，请尽快的整改,市长信箱,火山过客,2019-09-26,已受理,1/910
[79693],[诉求],巡逻,市长信箱,lhrlgc,2019-09-24,已受理,0/610
[79691],[诉求],市政广场周边区域工程中午施工扰民问题,市长信箱,wuzhou2013,2019-09-24,已回复,0/699
[79620],[咨询],为什么没人来回复这个问政？,市长信箱,绿色生机,2019-09-23,已回复,0/2225
[79561],[诉求],希望相关部门能整治工厂二路三和里的街貌,市长信箱,qq27266300,2019-09-22,已回复,0/835
[79420],[举报],持续跟进——请问旺甫镇街是用来卖菜还是给车走？（一）,市长信箱,潜龙勿庸,2019-09-19,已回复,0/922
[79314],[举报],神冠豪都地下停车场超2分钟收5元,市长信箱,258039034,2019-09-17,已回复,0/1167
[79241],[诉求],政府强征土地,市长信箱,钟炳章,2019-09-15,已受理,0/735
[79174],[诉求],一大早噪音扰民,市长信箱,杨燕丽,2019-09-14,已回复,0/514
[79103],[其它],政府征收土地安置费问题,市长信箱,新科,2019-09-12,已回复,0/6069
[78922],[诉求],什么时候来翠微山庄拆违建？？？,市长信箱,删八,2019-09-09,已回复,0/1314
[78916],[举报],拦路虎,市长信箱,晨家,2019-09-08,已回复,0/1196
[78700],[举报],学校如此订阅辅导资料是谁允许的,市长信箱,不解的学生,2019-09-05,已回复,2/2059
[78599],[举报],苍海湖山水汇景小区两所无证午托班,市长信箱,西江肥仔,2019-09-03,已回复,0/2660
[78598],[举报],长洲区交警为完成开罚单任务违章执法,市长信箱,987654987654,2019-09-03,已受理,0/583
[78597],[举报],苍海山水汇景小区两所无证午托班,市长信箱,西江肥仔,2019-09-03,已回复,0/474
[78586],[诉求],两地政策要求相冲，虽然业务素质低下但铁骨铮铮,市长信箱,尸位素餐,2019-09-03,已受理,1/659
[78528],[举报],岑溪一品尊府欺诈众多业主售房,市长信箱,龙石,2019-09-02,已回复,3/1431
[78356],[举报],关于问政编号76041,市长信箱,大地飞歌,2019-08-29,已回复,0/5818
[78296],[诉求],时间,市长信箱,lhrlgc,2019-08-28,已回复,0/5959
[77986],[其它],梧州城市道路诸多问题,市长信箱,hk00852,2019-08-21,已回复,0/3557
[77937],[建议],善意提醒：岑溪市大广场挂破旧国旗,市长信箱,hx251,2019-08-20,已受理,0/1219
[77931],[咨询],龙圩区广信路公租房几时可以入住,市长信箱,13877447350,2019-08-20,已回复,0/1577
[77813],[诉求],街道绿化,市长信箱,唐小姐,2019-08-18,已回复,0/873
[77771],[举报],岑溪发电分公司大湾电站职员旷工无人管,市长信箱,123456hc,2019-08-17,已受理,0/696
[77639],[举报],公积金中心回复统一机械化的不作为,市长信箱,L_FTTS,2019-08-14,已回复,2/1391
[77441],[诉求],请求市政府帮助解决小区遇到的管理问题,市长信箱,蝶小叶,2019-08-11,已回复,0/1267
[77354],[举报],不作为,市长信箱,lhrlgc,2019-08-09,已回复,0/1006
[77022],[诉求],新兴二路50-1号银城大厦住户饱受悦胜酒楼滋扰,市长信箱,年年好运,2019-08-03,已回复,4/1183
[76961],[诉求],广汇郦城一期何时才可以办证？？？,市长信箱,cqq5,2019-08-01,已回复,0/1303
[76925],[其它],梧州城市道路诸多问题,市长信箱,hk00852,2019-07-31,已回复,2/1301
[76913],[诉求],金苑电梯又停运，业主苦不堪言,市长信箱,猪头队长,2019-07-31,已回复,0/1039
[76870],[诉求],何时能归还祖辈房产（七）,市长信箱,一道茗,2019-07-30,已回复,0/1061
[76617],[诉求],西江二路白云江景大厦附近的下水道井盖什么时候盖好？,市长信箱,山下人家,2019-07-24,已回复,0/1085
[76616],[咨询],塞纳丽景的工程情况,市长信箱,ww9923,2019-07-24,已回复,0/1584
[76581],[诉求],高层住宅装修违建搭建30公分雨棚,市长信箱,风扇风,2019-07-23,已回复,0/1773
[76524],[咨询],公路减速带设置不科学,市长信箱,小学教育,2019-07-22,已回复,0/1575
[76487],[举报],富民路5号的康恩大药房每天用摩托车乱停霸占小车位,市长信箱,小鬼不在家,2019-07-21,已回复,0/1397
[76459],[咨询],如何举报紫荆业委伪造签名套取维修基金和操控业委会选举,市长信箱,吏治清明,2019-07-20,已回复,1/1281
[76418],[举报],下冲小区及其周边车辆违规停放问题,市长信箱,网络问政专用名,2019-07-19,已回复,2/1696
[76411],[咨询],广汇郦城一期是否可以办理房产证？,市长信箱,热心市民2019,2019-07-19,已回复,0/2067
[76329],[建议],白云山公园,市长信箱,李事,2019-07-17,已回复,0/1196
[76273],[诉求],城东镇扶典村村民道路到底还要几年才能修复,市长信箱,tyywei,2019-07-16,已回复,1/1602
[76152],[其它],梧州发展到底怎么了？,市长信箱,hp123,2019-07-13,已受理,0/1115
[76113],[诉求],梧州市政府广场通宵施工，十分扰民,市长信箱,lehostal,2019-07-12,已回复,1/1932
[75984],[诉求],藤县桂宏达翰林府不允许组合贷款违规,市长信箱,jsf,2019-07-09,已回复,3/2235
[75814],[诉求],改革,市长信箱,lhrlgc,2019-07-05,已回复,0/1407
[75813],[诉求],产业规划,市长信箱,lhrlgc,2019-07-05,已回复,0/6719
[75645],[诉求],环境污染,市长信箱,云村,2019-07-02,已回复,0/1467
[75485],[诉求],梧州住房商业贷款保险费,市长信箱,刨根问底,2019-06-28,已受理,2/1278
[75401],[诉求],拆迁不补偿，罔顾百姓权利！！！,市长信箱,iroxy1125,2019-06-27,已回复,1/1816
[75341],[建议],梧州政务服务中心有待改善,市长信箱,hp123,2019-06-26,已回复,0/2025
[75325],[建议],兴龙路面存在多处大坑，过往车辆存安全隐患,市长信箱,云子,2019-06-26,已回复,0/1644
[75150],[举报],日夜施工无人管,市长信箱,枣冲贫民,2019-06-22,已回复,0/634
[75092],[诉求],龙圩区河堤卖鸡市场严重扰民与脏乱差何时休？？？,市长信箱,梦回春秋,2019-06-21,已回复,2/2389
[75021],[举报],厨余随意倾倒，严重影响城市环境,市长信箱,月池小鱼,2019-06-20,已回复,3/1567
[74950],[建议],旧国标电动车如何上牌,市长信箱,anzhimozhe,2019-06-18,已回复,0/1428
[74914],[诉求],公租房乌峡小区16栋、17栋缺水情况,市长信箱,乌小峡,2019-06-18,已回复,0/1347
[74887],[建议],梧州火车站应停靠动车,市长信箱,xjxl,2019-06-17,已回复,1/2027
[74770],[举报],老百姓被欺负到家门口,市长信箱,莫金,2019-06-14,已回复,0/1108
[74756],[建议],部分路口的红绿灯设计不合理,市长信箱,布纳哈本原桶,2019-06-14,已回复,1/2533
[74591],[诉求],何时能归还祖辈房产（三）,市长信箱,一道茗,2019-06-11,已回复,0/1168
[74577],[建议],希望梧州能建座体育馆,市长信箱,wz321,2019-06-11,已回复,0/1543
[74569],[诉求],1997年，结果登记被强制购买农村养老保险,市长信箱,坡头村民,2019-06-11,已回复,0/1742
[74540],[建议],梧州南站设计是否合理？,市长信箱,hk00852,2019-06-10,已回复,0/2730
[74429],[诉求],占道施工，高考期间照样开工,市长信箱,枣冲贫民,2019-06-08,已回复,3/995
[74416],[诉求],土地确权结果乱得无法形容,市长信箱,坡头村民,2019-06-08,已回复,0/1035
[74309],[举报],龙圩区龙宇名都俊景居一楼商铺油烟及废水往小区排放,市长信箱,龙圩区龙宇茗都俊景居,2019-06-05,已回复,0/1194
[74238],[诉求],梧州三云橡胶厂200多户停水超过4日,市长信箱,小白姓,2019-06-04,已回复,0/822
[74175],[诉求],三问为什么龙圩华光豪庭不能办理不动产证？,市长信箱,t1234,2019-06-03,已回复,0/1124
[73742],[举报],长洲区龙山C区周边违建占用，破坏消防应急通道,市长信箱,龙山C区业主,2019-05-27,已回复,1/1322
[73625],[诉求],岑溪南环延长线（碧桂园门口）模特车随意占道,市长信箱,个女方,2019-05-26,已回复,0/1135
[73623],[举报],岑溪市大广场是打算变成流动摊贩广场吗？,市长信箱,个女方,2019-05-26,已回复,0/1241
[73440],[诉求],关于龙圩镇俊景居小区饮食店排污、排气问题。,市长信箱,乐观向上的小孩,2019-05-23,已回复,0/1192
[73364],[诉求],何时能归还祖辈房产（二）,市长信箱,一道茗,2019-05-21,已回复,0/1425
[73358],[咨询],水岸名都刷大白墙能guo过验收吗？,市长信箱,gimhuai,2019-05-21,已回复,0/1619
[73171],[举报],岑溪建城混凝土车湘H78606影响市区道路整洁,市长信箱,个女方,2019-05-18,已回复,0/1277
[73170],[举报],岑溪市大广场的流动摊贩死灰复燃？,市长信箱,田螺仔,2019-05-18,已回复,0/1193
[73070],[诉求],长洲区长红小学过兴龙路急建红绿灯,市长信箱,hzy97473,2019-05-16,已回复,3/19978
[73004],[诉求],合同未到期单位要求取消合同却不赔偿,市长信箱,987654987654,2019-05-15,已回复,0/1570
[72945],[诉求],藤县的电网如此差,市长信箱,林一凡,2019-05-13,已回复,0/1670
[72917],[诉求],福兴时代广场露天烧烤摊半夜严重扰民,市长信箱,半夜严重扰民,2019-05-13,已回复,2/2246
[72707],[诉求],3点上班6点下班一点也不人性化,市长信箱,987654987654,2019-05-08,已回复,1/11570
[72532],[诉求],岑溪市欣建国际二期10幢三单元出地基下沉倾斜。,市长信箱,美艺分色,2019-05-05,已回复,0/3486
[72380],[举报],刚刚修好的新兴二路人行道上的龙门阵,市长信箱,天下为公孙文,2019-05-01,已回复,0/1276
[72334],[诉求],红岭一号一期要业主从14年起交纳物业费合法吗,市长信箱,Nfh9966,2019-04-30,已回复,0/2639
[72294],[举报],维权咨询无门！相关行政部门推诿扯皮,市长信箱,一名普通,2019-04-29,已回复,0/2049
[72248],[诉求],龙山路道路变烂严重影响行车安全和城市形象,市长信箱,小正,2019-04-28,已回复,0/1543
[72228],[诉求],玫瑰湖恒祥豪苑隔离彰泰城工地日夜施工扰民,市长信箱,wuzhouwenzheng8,2019-04-28,已回复,1/1665
[72129],[举报],上三云教师公寓棚户区路灯何时才能常亮？,市长信箱,wzhh,2019-04-26,已回复,1/1339
[71926],[举报],丰业花园临街商铺油烟问题整改真的完毕？,市长信箱,anzhimozhe,2019-04-23,已回复,1/1699
[71846],[举报],军分区对出的人行道问题,市长信箱,好事者,2019-04-22,已回复,2/1532
[71819],[诉求],关注苍梧县京南镇政府征用村民土地,市长信箱,wuzhoushimin,2019-04-21,已回复,1/1874
[71668],[诉求],投诉枣冲路洗车行噪音扰民,市长信箱,不堪其扰,2019-04-18,已回复,0/1790
[71638],[诉求],美的置业项目部对出道路被占用，车多，人行不安全,市长信箱,小凤凤,2019-04-18,已回复,0/1067
[71621],[诉求],西环新华书店后座何时才能领证,市长信箱,987654987654,2019-04-18,已回复,0/1129
[71578],[诉求],呼吁依法维护全国的伤残人民警察的合法权益,市长信箱,兰剑,2019-04-17,已回复,1/1484
[71550],[诉求],岑溪市恒辉万象公馆违建,市长信箱,yacool,2019-04-16,已回复,1/1858
[71548],[诉求],关于托管问题得反思,市长信箱,1qaz2wsx3edc,2019-04-16,已回复,2/1809
[71441],[举报],藤县港务所码头噪音扰民,市长信箱,听闻雨声滴答,2019-04-15,已回复,0/1817
[71249],[举报],龙山C区周边违建屡告屡建，进度神速,市长信箱,龙山C区老钟,2019-04-10,已回复,0/1510
[71243],[举报],龙山C区周边违建屡告屡建，进度神速,市长信箱,龙山C区老钟,2019-04-10,已回复,0/1575
[71100],[举报],岑溪思英三街幸福宛后面城西最大违章建筑投诉依然施工,市长信箱,唐浩,2019-04-07,已回复,0/1157
[71037],[咨询],关于西堤路两轮车行驶问题,市长信箱,张英,2019-04-03,已回复,0/1187
[70984],[诉求],请市长关注一下我们恒祥豪苑业主的问政,市长信箱,蚂蚁的呐喊,2019-04-03,已回复,1/3557
[70942],[诉求],滨江学府有关问题,市长信箱,黄小敏,2019-04-02,已回复,1/1923
[70926],[诉求],广汇电脑电器城成僵尸停车场,市长信箱,yx0522,2019-04-01,已回复,1/1637
[70866],[举报],旧梧州高中凌晨4点施工噪声扰民,市长信箱,cqf8888,2019-03-31,已回复,0/1775
[70766],[诉求],要一个审核意见就这么难吗？,市长信箱,快乐小熊猫,2019-03-28,已回复,1/1982
[70716],[举报],噪声扰民，小区内切割、焊接铝合金门窗,市长信箱,小飞飞123,2019-03-27,已回复,0/1667
[70653],[咨询],水岸名都延期交房,市长信箱,gimhuai,2019-03-26,已回复,0/2214
[70650],[举报],都出人命了，有没有人管了,市长信箱,岑溪市平民,2019-03-25,已回复,0/2762
[70597],[诉求],原玻璃厂深夜生产噪音无人管,市长信箱,大人请留步,2019-03-25,已回复,0/1620
[70582],[诉求],请问龙圩钛白粉厂什么时候能搬走？,市长信箱,jboy,2019-03-24,已回复,0/1616
[70549],[举报],广东路洗车行后面露天桌球噪音扰民死灰复燃！,市长信箱,桌球噪声冇人理,2019-03-24,已回复,0/1233
[70451],[诉求],苍梧县公积金贷款问题,市长信箱,18376736718,2019-03-21,已回复,1/1977
[70432],[举报],第四次问长洲区政府虚假整改，表面整改,市长信箱,d77,2019-03-21,已回复,0/1623
[70393],[举报],违建摊档严重扰民多年，政府部门没有依法处理拆除！！！,市长信箱,欧阳筱静,2019-03-20,已回复,1/987
[70322],[诉求],请给于公平合理的拆迁补偿,市长信箱,hllw2000,2019-03-19,已回复,1/1756
[70269],[咨询],市长大人，请看看你管辖范围内的责任认定。,市长信箱,问政小公主,2019-03-18,已回复,0/10561
[70144],[诉求],编号69294半山一品违规问题未得回复,市长信箱,吸血鬼,2019-03-15,已回复,0/2400
[70044],[诉求],请求市长要求阳光拆迁,市长信箱,时间看望,2019-03-13,已回复,1/2034
[69966],[诉求],规划证办理,市长信箱,龙湖小子,2019-03-12,已回复,0/9071
[69948],[举报],长洲区宏威水产夜夜躁音扰民何时了？,市长信箱,a123,2019-03-12,已回复,0/1415
[69844],[建议],岑溪解放路，工农路7点-21点禁止停车问题,市长信箱,为民着想点个赞,2019-03-09,已回复,1/1987
[69773],[诉求],卡地亚午托班问题为什么不能彻底解决？,市长信箱,pp25chat,2019-03-07,已回复,0/2328
[69769],[举报],环卫处不环卫,市长信箱,Doraemon,2019-03-07,已回复,0/1784
[69751],[举报],关于有关政府部门踢皮球的情况,市长信箱,库里hlc,2019-03-07,已回复,2/1870
[69672],[诉求],龙圩区“诚业·泰和嘉园”房产证什么时候能办理，十年了,市长信箱,hl913124,2019-03-05,已回复,1/1916
[69525],[诉求],关于申请退回40万助保贷保证金的诉求,市长信箱,jmm,2019-03-02,已回复,0/1246
[69510],[举报],路边停车收费存在严重漏洞,市长信箱,唏嘘的装修佬,2019-03-01,已回复,0/1132
[69460],[诉求],藤县限价房为何办理不动产证需要缴纳1300元费用,市长信箱,申诉,2019-02-28,已回复,0/2137
[69432],[诉求],七中至红岭小区片段恶臭冲天环保局长期不作为,市长信箱,奔奔跑,2019-02-28,已回复,2/1593
[69430],[举报],智城停车乱收费,市长信箱,小小小蚂蚁,2019-02-28,已回复,2/3037
[69374],[诉求],关于索回华洋公司企业改制解除合同后补偿金的诉求,市长信箱,廖汉兴,2019-02-27,已回复,4/1791
[69344],[举报],岑溪思英三街（幸福宛）后面十几层违章建筑无部门管,市长信箱,唐浩,2019-02-26,已回复,0/1841
[69248],[举报],万秀区步埠路小区车棚收费不合理和私占通道收费,市长信箱,步埠人,2019-02-24,已回复,2/1544
[69219],[举报],请领导处理香城商贸城违章饮食档，严重污染环境！,市长信箱,欧阳筱静,2019-02-23,已回复,2/1252
[69133],[诉求],大正·峰景园9号楼是否烂尾,市长信箱,丙寅月,2019-02-21,已回复,0/2006
[69036],[举报],关于市住房公积金管理中心处理零距离问政的问题,市长信箱,860415588,2019-02-19,已回复,1/2206
[69022],[诉求],历史遗留问题-私改房办理不了不动产证,市长信箱,njunzi,2019-02-19,已回复,1/2151
[68890],[举报],弃土场的机械噪音,市长信箱,wz熊猫,2019-02-15,已回复,0/8593
[68883],[举报],再问长洲区政府虚假整改，表面整改,市长信箱,d77,2019-02-15,已回复,1/2835
[68829],[举报],非法占用公共用地,市长信箱,vkljx99,2019-02-14,已回复,1/3755
[68802],[举报],关于北京涵天国际教育科技有限公司(含总校及梧州分校),市长信箱,xiongboy,2019-02-13,已回复,0/10410
[68771],[举报],多次投诉的无证酒吧未解决彻底,市长信箱,安居马,2019-02-13,已回复,2/1748
[68710],[诉求],旺甫街旺悦烧烤店室外经营污染环境噪音扰民,市长信箱,18593274934,2019-02-11,已回复,9/1449
[68495],[诉求],关于旺村水利枢纽库区淹没桥梁复改建工程,市长信箱,欧阳坤,2019-02-03,已回复,0/1506
[68217],[诉求],龙圩小巷秩序也不能忽视,市长信箱,xbsw820,2019-01-26,已回复,0/1349
[68073],[举报],第14次投诉，看看有关部门是怎么做工的,市长信箱,城市曝光,2019-01-23,已回复,5/1739
[68047],[举报],中山路高音喇叭扰民已经4天了,市长信箱,小溜溜,2019-01-22,已回复,0/1206
[68024],[诉求],小区无人管理，变得“脏乱差”,市长信箱,谢妈妈,2019-01-22,已回复,0/1449
[67979],[诉求],香城小区楼顶违建,市长信箱,3栋3单元,2019-01-21,已回复,0/1027
[67974],[诉求],关于丰业香樟园的铅污染问题,市长信箱,一方蓝天,2019-01-21,已回复,0/1325
[67943],[诉求],香樟园小区停车,市长信箱,1号楼1单元,2019-01-21,已回复,0/1139
[67937],[举报],东山冲改造工程,市长信箱,一方蓝天,2019-01-21,已回复,0/1208
[67935],[咨询],皮卡车喷黑烟是否违法？,市长信箱,一方蓝天,2019-01-21,已回复,0/962
[67934],[诉求],太和路东山冲梅姐十一等几档宵夜10点后占道经营,市长信箱,一方蓝天,2019-01-21,已回复,0/765
[67798],[举报],私自违建、切断排污管道并扬言：我是长洲的，怕什么,市长信箱,志东,2019-01-17,已回复,0/8842
[67756],[诉求],大东小学路段乱停乱放问题,市长信箱,阿勇,2019-01-16,已回复,3/846
[67658],[诉求],67539]农网改造380V线路入村乱拉乱走线,市长信箱,13380259061,2019-01-14,已回复,2/1723
[67615],[诉求],官商勾结,暗仓操作,损害农民工利益没处理,市长信箱,心碎的劳动者,2019-01-13
[67597],[建议],做强,市长信箱,lhrlgc,2019-01-13,已回复,0/8586
[67568],[举报],农民耕种用田被填埋,市长信箱,莫柄金,2019-01-12,已回复,1/1285
[67534],[举报],岑溪市大广场旁的美味基餐厅每晚乱投放残余垃圾,市长信箱,赫塔菲,2019-01-11,已回复,0/1915
[67533],[举报],岑溪市城乡环境综合整治请查处,市长信箱,赫塔菲,2019-01-11,已回复,0/1637
[67531],[举报],岑溪市城乡环境综合整治真的做到人人平等了吗,市长信箱,何荣,2019-01-11,已回复,1/1882
[67525],[诉求],岑溪市不动产登记服务中心积压不办理预告登记证,市长信箱,冯文峰,2019-01-11,已回复,0/2040
[67483],[诉求],66963回复的疑问,市长信箱,123,2019-01-10,已回复,0/913
[67425],[诉求],小车公交车严重违法占用两轮车专用道,市长信箱,joetincoo,2019-01-09,已回复,5/1433
[67380],[举报],###,我家林地被霸占仍没有得到归还！,市长信箱,老实的人,2019-01-08,已回复
[67359],[举报],中鸿大厦违章建筑长时间存在急需拆除,市长信箱,wanxin1973,2019-01-08,已回复,1/815
[67324],[诉求],工人医院挂号问题,市长信箱,路小小,2019-01-07,已回复,0/1185
[67228],[咨询],购买商品房的所有相关手续、费用有哪些？,市长信箱,苹果618,2019-01-04,已回复,0/2039
[67185],[举报],塘步镇石塘村附背桥施工方用325号水泥施工,市长信箱,xinshidai,2019-01-03,已回复,1/1321
[67110],[举报],岑溪市不动产登记服务中心不作为，登记证遥遥无期,市长信箱,万通,2018-12-30,已回复,1/3547
[66928],[诉求],法院拍卖的房产为何那么难办理过户手续？？？,市长信箱,好记,2018-12-25,已回复,5/1876
[66790],[建议],同心二级路最好方案,市长信箱,实事,2018-12-21,已回复,1/1150
[66789],[建议],又见洒水车雨天洒水，这种神操作可以少点吗,市长信箱,追逐光明,2018-12-21,已回复,0/1074
[66782],[建议],二小的卫生间超臭,市长信箱,陈秋霖,2018-12-21,已回复,0/1870
[66724],[诉求],关于编号66435有关部门敷衍回复问政人,市长信箱,wzxxx,2018-12-20,已回复,0/1273
[66649],[举报],三龙大道加油站口市政水井漏水，水漫出路口,市长信箱,油友,2018-12-18,已回复,0/1004
[66648],[诉求],长洲区新兴村五组42号挨逼迁,市长信箱,守望明天123,2018-12-18,已回复,0/824
[66646],[建议],百姓无小事，再说高利贷,市长信箱,戏说高利贷,2018-12-18,已回复,0/9765
[66635],[其它],为什么？,市长信箱,603382479,2018-12-18,已回复,0/9492
